1ObC-mRt1rADfhDe3Df7oBmwBH8MNSYaCQa-o8NjXoyU;55;1
1s6zh5fJvI8SPBGF3P18hJfMR-XGGmu9lrmINHvC83U8;55;2
1gZMQug9WrIwsra0_FhpEbSjEwkQFA-Rv0YtIgyJXdX0;55;3
1tisBXPMw-Lgr8cUBH3_DuT1BACnPyEnNlUWtoj9ux68;55;4
1zl_GzfzFjXQ-fH_QjWT7lydsewGPRmxvl-A5hJS8kU4;55;5
1G1FKx9xcFyLPnTM9RPPOcwER1W0wmzcMG461expubtc;55;6
1dlBszpjDeM6OAgyn0w3mYH7I3U44PiqsUKV-jC3BQU0;55;7
1lcX-Bm_8FAB04IoNZD34gkfgxNGGsVm17SZjCnC0IXk;55;8
1O0PfrAqxlsmoH9BhShCc5ao829FLKRmd5SABZEu2fjs;55;9
1DBjahkGWV_FCumBgyREjvKTB_7DZaOFG1-fQmbekyXA;55;10
11_5824K_QjDysZja1VIXCRpMYhHng5w2UIvmCeWscCI;55;11
1tG7AzeMa3Opim9VteaNBSyzwyyGgZVT-tCykD1gWqY0;55;12
1jfvbSlOK1E4lfLxpVv_uHUPIUkJvXSq9NQPeamQUSVM;55;13
1dYOWyDHAVpqXseG_dSg0ThNmP_-KUVYIAK_Mkhu5I3o;55;14
1sZsQK0P_z0pzFOuIZTcHTNMsZn2H4JS1N_MkmkLVAyI;55;15
1fyGRsTZj_K0PwXo6A-dHlObCNg1f8kVeKj3Sg1hdmHQ;55;16
1689kSQ7SiVA0DZVjZwaVhYh0YhEnFBA2LPpzQs_eiwU;55;17
1irk69dy4Fq7Siul8IR8MN7oNl4_LHVaxT1UiXAO5gBA;55;18
1B5eMAGaO4jDY9Amxqj9m6NNfAwoybiQlkZ2_a76w41k;55;19
1hfl9fRgaySVft5V3FaSBv-aqYOWg2fNfVSYr7lLhdEI;55;20
1NmEKc7m0uL0a9Woyw9fCYFqGn3kMsaP6gBd62QHPVtw;55;21
1CS0zGS-7S5T7oxLzPuUVjozjQzLet3uHVfQiHbIY9Ho;55;22
10UFl-Xcn203nuo7i8zXLjXsmUKPT8L8EPAF5WZccbDE;55;23
1c88_CbsycBEYWzvn_xDarQrL4BQrsMHmie9NBt4O-LQ;55;24
1ZR9FScvbQe3QYx_NPcg-go-jCY3cRMcZs7XEMGbV0d4;55;25
1WrlS-jXnn67PsMmExR2tRuyCtoYP-hndU8ZrbbCxXYQ;55;26
1YzK_I5yPtqUDuLeAG8oIBs6kXFAPYIwlcvGM45LSwCU;55;27
1-xOZDvgsvAoUkuQNh1g-Y46VonO_gwA2ATZdd4DFjvA;55;28
1eLWtDsHs02pcUOun4TXtMIMqeseclXxB71cNTsjxE0s;55;29
1kMhBmJE3JH2VpKnegxsw-G37iIjUpFRkxcCEXsF1Igw;55;30
19nnskvtbom1azzioAqTsnIm1jJjVlJ7XbU21j_2nhQQ;55;31
1VQWVybutjJc751uC4e4CMEhC3Pc_MFAIzDN-pIzTOiE;55;32
1NrEB7Sm1duz1hR78QLSWW_YqG0JcbAkpiCGfSG_gn7w;55;33
1hs0m4cBNKpkaE0d0xZTYtzHfRwJSOP9mKDg0B8oE8S4;55;34
1QkY_oq_oIVuP4CZdH1pyHd7OAEJjxNXFJ3-MZ-GLxS8;55;35
1IJ1O5gvTX1S2ShqNSdK6z0iI6sZFbwiKs0evWl9pTHc;55;36
19KdLI-AqETm_yTmfenJce1OSgCrUOfiBpKq-ouzL8ks;55;37
1Ys5ARC4z7Ht2gvo_krBTbZMGqasH5qAqFUYTkxu1maU;55;38
1s1-Q3Tzi_cRpDdhEZB6Y5z1ky3oQlXFpAlDqnx08e5w;55;39
1-QfIabQ4hstiq1MlqXpP05He7VUGLizHt3cL0NVEagQ;55;40
1nBHYIOi9Ipmw6bZWRpG8Av-rfFcUSQGNTrG4ZZfZaWM;55;41
1I5WjBBUONXqmX_ZR24qacG3yGcTmHI1TLe2KAClIXHk;55;42
1WPw4q9fNcCjKHLPjR7M0v7TaTLnkOY3u2rhP98k256c;55;43
1qDKWYHye9VDIRb9b3_92fHZI3wD7ArQVrEF50eTV_y4;55;44
13OFPwgSpZvcjd_-ypyvwZMVEZJcBA5RBBZIMdGgb6n4;55;45
1D9CdsBTRIcAA6SSqg8k6wA_UBPiwxHUTiXkXEV90bQ4;55;46
1-sYRsiDGtRRjSIE1i3vbbEz8x0rbWzfF7vHzlMbgKcA;55;47
170Wh07H4voTNkYF6qk3y8Mg5PFmMvkXqdtTCobYGtgk;55;48
1u3F3jMh3NaNgsCjjKYjueg1B1aD65HcgY7q5CfReeeE;55;49
1udDhyKRXQJ74w1yrnfZ-Makl2FtyLYHuAX5xnH1UE_k;55;50
1Mbt6LYyaVASVOiiFfP_sPvg9BVhscHGOo-vizt1g9SY;55;51
17q0M2QdwDcHbcBPJjLmVPf8Qjvy7qoQUhFkxV2hxo4s;55;52
1ZGUyX0w6ijDdI62-F5XNDo31nALNARSkHzB3kl9iv9M;55;53
1AoTxnjb7IdVDb6IIDc9MGN1L-S3sKsDy9Em2bFhOg2A;55;54
1WwWfk2jdXAy9Ocmi0IXtrCLHE-S2aDRoKzJyXU4gs_U;55;55
1ehlrksEbEjvO9WNY5ChhUiF3aZibhnRce-bxYBo9Knk;55;56
1rzBMk9QdRqtR1AePfE4Jjy8tZJciHIO65rrwQ6C6TXg;55;57
11hbz8MSwtrX0AGrj4oQSX3ul9qaieLuPlK97KwXKbvM;55;58
1ZdbLcnKld0hc5db2o1WIXCckHxV6YWo82gaQ8WtVe1g;55;59
18SH07nIwlJCrK-h4XUcmpdoHzTN3hyamlj1oMIdNE7s;55;60
1sEeQBinehYrJ_XXHYgs7c0v_GSSSLcdOsG62bmvzObs;55;61
1JI3AicUzjZ31rM0aD09PB8oj93bBasaYnp-loqISABY;55;62
181tkarqujt7Y4rS5ON5LnKcPrWK_N1go6o2srgpHGko;55;63
1MWGtR_x57-DTNVVlh4RT4m-iKqJQAh7fZvKvh7T_tB4;55;64
1xJvuxDmcVXcE-h2nEQIUTf_3SBnP5Mea9t3jpO5jyFw;55;65
1pOaQ_xwvmGsO0xEWojXKZKibFc0peIPc-CykY179Um4;55;66
1Q0h3hHTAbnC1vcH77mjSDEq_msZpJD8l2Lzq2MnPFnk;55;67
1bJ6if_oeDl81Yt0J1DF_8LFiPa2WRSQ0LRORQJvtnic;55;68
19LkSF2ZRM2biBGwn15lzM17Ylv2t3cBypvxiWqVM_gg;55;69
1teCMg63Sc7Hz_OCoFsOFoYjvrgwlw49nUmWweKhThe8;55;70
1-O1DWm2Xp3BreRGq7tBuBQ7xiYo6VtzETk7jKmOBd78;55;71
1sVb-cIpc6tcR99KXePr8i9I4LH8OXr_0uUgyIjhTfro;55;72
1tBdqN3V3Yf4oZarvHB0YCgpULYY120muN7PvNizo8G8;55;73
1EUKt2NAocKXSkRtUJ7bPlDCj_d84G02vxfZ9flXNkfo;55;74
1Dpx04oADD53Lxo89qua47fyyQIQXViun5XF22PxOSNY;55;75
1qz9wdlbCxadNyB7midNdVfgHguHL-f3li8qB5LpbTS4;55;76
1fCnV28g3z1nbSQoveSA5r013vAwVek4HmF8HimfIV-c;55;77
1RC3ObE-Kh6-Aj-vbZ3MQa3G2CVE8jwCiOtIkhRgflwg;55;78
1jA_7otwZodt4ftrxjJKs1s5HKoOmcbTDZF0b_Bjlzds;55;79
1kxfwwnIGBbgbN4G833hgJgOZPNOmxumXIX93abwg0dk;55;80
1uAjtoPmDmDnFT5MWVUnSbPudnYcF1hfnXQWky7N2Ons;55;81
1yH4DIT3H1DJvg-DxESCKh4ZlXhKey_VpGFNHnRhhZS4;55;82
1dTwtVs-KGkkgTZc_mvLJDeAOQoxtLw8SOJPR2omQMCg;55;83
1xqvo2xmrj9F_wU_ROci_oOZRYkBKBbeZExBc6nB0imA;55;84
1ZXte8pRvShy0PkFxQkyJuwUlC2JYjILSNdqjI-BolnI;55;85
1EDrlx3px3dfrjm5Hw3fbtcVoDPU5ZVNPOFmL_F4kY6I;55;86
1cwf4HPvvGcYR1XWj0FGh0fiYmOjYY4lkWpQWLYlPDuc;55;87
1Ut9P5haN6cKD6DZ7KBVFlyCZv4JAfFQkAnW4uZj9qms;55;88
1bqpRRjm6ius0TT3qtq_7P41BIhfIEinIwBAvjKE8k0Y;55;89
1hBO0o2wgGlhyB-rfMdNI2sLgAXhfekfK1oUtw-jnP_o;55;90
1TY3Y-6URCfE-gbSrDGjeYp3Ekmw0i1346c5yVo04iZk;55;91
1iXXqLa9Lc7Ti76f4YG-tF03X9nveh1VldtcI-np84JE;55;92
1J_Pjsu7wOV4EOZ0PTNYwDqTdd02qVM8TFx-UF6UsYKU;55;93
1K_DPFoRz-bbxdWr_NY6lJjJUr-Lnaf_0ct2uiW5KVt0;55;94
1yBTztlAkAT-HDyGHuRAH-CrGzWVhgrpLQO75xGDlj5g;55;95
15FeJI8BipTJaoOW7FE7PQ-qEQUfCMIRBLLUsSBJrsQQ;55;96
16qalzPNOY7FH9wOJrYDHx4IOCnNuG97FLuktopRJ4Zw;55;97
1SdDG-KS5aKjkOVvWzrxwheEsntdMRHMTJ4GnVg7bzW4;55;98
19iqjgEsFp0BZp25pWb8ALreZJiuGmVujzge4EhgITNI;55;99
12n-UVDZ7TU8Quk9PsZQJiQ77jHeJoXiG1AYqOE24oGk;55;100
1zhmk9ofdDre9wFlshRsT9zrCou2psI-IK44OAJqXpzs;55;101
1p1QZXvjvDLrhnWId3QxTpA_qrB9gMNEg2WorvRfPBO4;55;102
1SQjpL3nPzWMvA4QNXnindmbgM_4ApXfycYtWvB5fIOg;55;103
10neqAlpAb7x8X5TG1GPGdTvXShRl3y9bkqBGcrgc-Ao;55;104
19pRbQuHMzdgW_17DoWpiofiM6tiNCESJTK55a-tPe8U;55;105
1bKekU4R6kJCXrsRjlTVvHO6qbF7fVsWv-lgxkfiTPK4;55;106
1RFySvX88n-EhD4AMFaJxko4-5ywsx964l4se5DppqyY;55;107
1PQA94BPjptV8xfbzcI2acr64pH__PmYLIi4kb_BBqKk;55;108
1l2ytyp0H1AGJyNemZoI9pypHuPgkEzOJWgr41jGN-GU;55;109
1zsq0n4-WLrkXthDleGpQA4PDq2X-b1DeySH2A1_ZweU;55;110
1ZxQ3_-RRDDirC7fzOu2HowSseoo2igFPAR2uhV9p9Ok;55;111
1k4NhJ7WMRRLXmqYXPCn3XCDwYy5hZZt3O66ahfXp7RQ;55;112
1iGj8g25HgOjYqPEWpcT4VKsD9hK_X2_1-eYhl6btaJY;55;113
1XsnOmwPd1Oc2dg1uOqgBy4mjoV40pyXG8dmFEmHzqHs;55;114
1iyk9H-qnIFCWjJwzHUkPpskCLoQ1L6FtEDWQqvLTTJs;55;115
1m2BoS90PX7Q65ETVPJy_nCdM_3iRSliEtuAkQqf2DXM;55;116
1X3CmRyjxjOzwTD57Byqxsg6Neqj9-Ow7Vf4Tfnbi4K0;55;117
1LsgwrlUa6sk5IqXY8Dg3-dm1pEqLuxSyOQ2gu19GM7A;55;118
1kHWOyuDyXkNKXWeEUrdh-Bg5-uIdCvGsGnmupvvjRpY;55;119
1fdzJ00TxAvBYuNLMdQiWxbBXHQba8vHIb2HazrE3ybk;55;120
