1V1n96FVXtnmNIGNGeX_CBQ44AoHF7-DgtQPETr_-dqs;130;1
164S9MbsU5abzHVuwP9Pcq5yXvnt2JMsxpcKql4AWA5A;130;2
1H6FiROOjj-xpDY7uE3wvSmwMigQ0ubQfgC-a4nEFPBs;130;3
15teBz9t82sGQaxm77_gsNSIjaDBZCp6qXy_SbooPy3M;130;4
1GkdR9Jt6KFk_fRsOYoUdeDluMpJok96mH2D_tNm0p_4;130;5
1bM8D_alE4LylUTrCA6wosxou-FmxYkHwpuBJAxZ0ZRQ;130;6
1PMu-cbw-B0p8U8n64djqfbaZySU2V_V_myqdq1TROHc;130;7
1RKflFZXsjOVRh7QACdk_E8FvdW6A_mIOf5y_Iuqsa-g;130;8
11-YZO2qsgePrmiqYix5tHjl1IseWRfbusq4lECqZFfc;130;9
1WJahdq8l4OUXpIllKdz2aYEv__TFVx0xT5RYt_GqoV8;130;10
1QVWw-UIKHuRVjExhbZtWBavARJT5l5jOcZypJL-EXLI;130;11
1f5tJhEnz0azQTbR7DaQkmTcKcXsxo1E5cJ8KeAGk5Oo;130;12
1YKc_5wb4iYekloHfLaf-bcHSK895zha7COSWvNcpVlQ;130;13
1C8KsL4jH9lAl7t-MPFMF5BbLaA3sv6Gvl8FuOMzTQ9c;130;14
1t3bmCrj1LuaSLztAq9lhI0q0YrP4wqBz48jpF6Fm_lo;130;15
18y_dmamT2LKPV3p7zoJgx2ecFUsr7JvZNhL5Et2_jk0;130;16
176bgnyiMOrBpwJfoPBHS-cXb1xgVQ2YdKO13DnY_Uvs;130;17
1DKx9Mv0wLMx9LNXLvDiQvcL8SgEc3jLfvtukHowfOKk;130;18
15qG31i2kqygMptLBm-Imgr_LZ2SW0Iq1S2PgFz9yY_s;130;19
1ay2MnVVpS_b15AlibwMwSPBDknE9KOG3zGC2ekD07A0;130;20
1k0ahrb_ML5oeX3pwFbkJhmP0GkmR7wpPP5eQi5TNkoQ;130;21
14jKOwzmhcf_qOvLf_67Wd7bLWNNSaeXENyZRTIBURKs;130;22
1bpxdHTJNfNYHkd8IXwBx3JSs8ZeiAU9y93Mi77nTffo;130;23
1TRFrKoFaIdUdIvmxfZZXGZR5bfjf6JYVT0nGcYI9iF8;130;24
1gC0hSVCu8v4TSWnCELRLvcoqgvATMNsUIB3Eqsr8aXE;130;25
1ggUD2bQEw_jvC8fiPuSbTeGlngiMTYuWfqNRccJgDLg;130;26
1yBBih6xg9IJOJmr6Es26x0JxMnCNAAQtWxhxpH6Pe6E;130;27
1iv-M6gZsgSV-28zJvLipm71gMY-4JsYW3gwgAvWSCXY;130;28
1ESKeUOeERc3Vk7YVyA6ufgd8_1NN-WQbNnlwRoVoUoA;130;29
16E4TVwiIalX8ZHIeDj2pFvJ8pbcPp8kUNhP7GHbBMyo;130;30
1iBOle38NajJVUDCm7YdXGUHlUfUYZQYSBbqfIhDS8Gg;130;31
1AgFDtb5RP7UYc4dZawit7q4qCMbi0e2Qls2on9pJ_e8;130;32
1wYxeeRaPRiR58GIZ4KXYY_b54Mt7xjq5yL63g2zPFhE;130;33
1HDoFrMTYp89ZczmABqpBeFfZz9cFGA6YMyiXwFqsz0g;130;34
1zkQiEIp0FxQK-i5RvzuSf8T1T8xiMBZ2dsf8jNTzw3A;130;35
1x6I0W8VSegS4DLwiUfsQoL4SFmZOjMF6TC9uu0BHZZY;130;36
17jbDDEAXnwIuqxMOEzBdT7zwWo3OhhesGBXjjaNi_Vw;130;37
1buJXssYRzAVy5xOXDZAYYh3aOHTdGN8BmO6EF_Vh-a8;130;38
10RMI4omcpij6KoCzr-3Pgb1faIDVHKu4fjWAJsu9ygM;130;39
1n2JirudFNZbyRtqclddwx2BW0lpW0QZNSPhj9hqp2NQ;130;40
1W9BBNp7CvZN6aLgUhDEOPfE2Cgg6qZrj5NSY68CUSPo;130;41
1a-p2Piz3ZFP5RrdoDapMUtBktMzmRoOJAh65UJzOnVQ;130;42
12sEhQT8JtyrmsdD_4ViX8QyPSujp9UR3HVVZM99cb5w;130;43
1LJviZ7eU5v8odKVzintJviY-pgRmh349N68rU3E-8xI;130;44
1vmsZbM4B1p1j2WsXNVmkgs-PgZVzBAfPPJjFRW654Bw;130;45
13W27Xyu4ndsaZ2DDs4PjXCUYzbCko5n4sJ2N5CLQM5Y;130;46
1gSznOB6d9xjMS6dKnSQ4Q3BGbk0M3i_zEeK30ff4Qq8;130;47
1mgbIbcq-eYvAAFsSUMV6y40RX5k_TJFVH6ykfW8JWco;130;48
1qhdxbASOhQpgdT2g1oBA1aIG0TLGEU3-aj2kYbxXChU;130;49
10xxl72BO_2GmtEhBS7bEGJb89B0q0_jweo0YuFvmNIg;130;50
14jODL-wGHGYet9cAXJz74K-dkJSQflYt4xpV4prPcP8;130;51
1ZWkk4lw1sdUEwC8MlVW1aZmijHHq63BWO1U0FpzZ7n4;130;52
1Xs6P1V8U_9XYPHF6zYsD-PofJMC8O-l8to9xaz1VGfc;130;53
13tdgXvMuaCEp_ojiB3Z3x7FaFn4BtVZuz4hSjg7KmZE;130;54
1EKKVfXeieYnn_sAUJCc9Svwq6V6qNZIyF5-IFfcG6Ag;130;55
1azCcMQXLBJep941a_9LlLx2HE-_2pobTRfMnhVhNXLY;130;56
16tt_P7HH1KbOUTjU1AEsgzGuq2vQrRNUViiPZnWPKhY;130;57
1h4ZXIN9Q2H17faaLcFtWUy6NUrEHHj8Yb_9nSFJ3fjs;130;58
1BYF7syRTRlLx-vw0n_zlUzrZ2CQXHkhj75-wGmfT7FE;130;59
1lHcGEBDnFtyzwXWVeG0Dlkd3f9wfKpRtaPR4hFT6Je8;130;60
1WuGRJ4Md1GJlB76SabivdtH2vWyWZf_ei683Rp_aAd4;130;61
1coCvMNzu6BbaP1Ez1zMOFITSyWcAVgqeUCaorSW7AqA;130;62
1EmWb89ruWHOv6La30LdjRgVUEL3EvEjHdfPKYY2-mMQ;130;63
1_7CJa8VRstr2kp7tXWe8770SMG7PIai0wE_SOcvJJW0;130;64
1zxpetGSzZ8HNCByO3jK_fbTT7f5KTLKdrOjl5jgLNGo;130;65
1wiioukCBEdpgqLqL4K-JkVbHu8S17NNqHQMRT6lnPA8;130;66
1yBVKEvZ22gvmTJI_y296kkJwrANjkjOkI1BFKaPEFxA;130;67
1FqjyE07jxR6D49he551rxhFZK7WQlBO4g96XAN0J5Oc;130;68
1vfZBcwdjtLzSBWzmrECqsXHABOqQsumaEu_eyb0bK9M;130;69
1Iv-SjBV0GJuxs3LQx5ZbzrzmsgTdkju7EPn1UrtLLCc;130;70
1e3Ca0ZND0HSSma0FTQKbbi_VxGXYy6tBoRo6ZVb-0n0;130;71
1blEmIQ2-6sgv434hbF73qOMmZj47y7SJteIemEdgNQw;130;72
1iK5A9t-OFdBKN_tjUegwP2OLubMJNGwNMfjgfz71SQE;130;73
1tT7w0UYdD0A0njauRMXTqKWt1rIhjPaY-n5JldOtS34;130;74
1XC7sg-hL7YvpTNKQsUWsF0ZmZXxveozRUOGoGqugqaQ;130;75
1TRDLkxBbVGsHJKKh80xRrej0iYYAp6Htte4Y9y-inMw;130;76
1qXeyS6uvwDaWVukp6mB8JwFAT4vv4D7FjbvcUcIdPvU;130;77
1vOYq1ObZoxxvMOjpTtVQtmjsDf97O3ksZmOcRncxgnQ;130;78
1XaXsze2DeDmJIAelJIvk8zvBesLGGkr34-lsi0Ig_PA;130;79
113Th-ubhyoT6F_wbOYCf7dotDI5N8hJxKrdOYw92VtI;130;80
1yyMPRFZ1yCZJoaSB-VI8CQV_nTMh1vkdb7tUTou0FX0;130;81
1HkB9sIDL2svZwq_URQ6dWAT322encD_-aB2frPy_ZJ4;130;82
1L1-nuVXN31C3TqRi322qqSjI6jdOx-wtLZ5NUDoSgGE;130;83
1ZEpM31oaGu2sRKYOYREEJpvRm329LqJFRnXUqfxUoms;130;84
1d2uIdkcV11AFoqH9uohnOE1b53wpNNOJFBNsY2WESoE;130;85
155S4Ucrb8FSxcua9abSvX5qVebeXn5urh7kS6XNob0M;130;86
18QPU21MNrjOwuuAOFHggDHWhU3e1HNqYe0Ur4J2ozjw;130;87
1xS4OA_mncoQ72tvPSsgxKYoh2Vf9GpwzsCMcyLDWugs;130;88
1fi395yB1dc75EdRDjuGZG9THiNht_36dc83GDpJsjIo;130;89
1mKA8rrMKH2nWfBqSzr0w-bGvhq8Da4SdsECb6eSFYxE;130;90
1FW4XNjhgFfEzR_ieSxDkdCyURNeMjRTx7nx2yM8ZOnI;130;91
1EznETrxQTKLj4PtGpmzCxamdN0GMVg_fafoHsZR7LrY;130;92
1oTF8f_qraiRE90ecuU1GOYd2rJkHOouxhojja27KVCE;130;93
1Yyav-B_Jjekg9cLkaHWPiTN8ObmXyMtUjLl0d6r65mo;130;94
1z9gWpuzZgydLQlkrK1cHDA8JsZJLh_-3JfAptndi3yQ;130;95
1Z3dvT4UBAxxb8JxEWoIs79dCdbAU7xZeLVPOdbUnWgw;130;96
1ywVUGZ2W7O9Iiy4KoHmjYu1Du2NZBoD0Q-QY_V-Km0E;130;97
1S-KdgVE96KD0TDC6GImM6moifUXHDB9nv4T7xLGdTRk;130;98
14XQNqWt2NU5u8LRrhh5UPZAzpQVn_oja6Gl5IryGm0k;130;99
1pdhK_GNqdfPzhwTLhASdKt8MfX2dfwNfakn5SyBCOWE;130;100